{
  "Accuracy": 0.7252246925260171,
  "Precision": 0.30519333257738973,
  "Recall": 0.7614938463714811,
  "F1": 0.43574695430444815,
  "ROC AUC": 0.8154459532617486,
  "Average Precision": 0.38599789020530456
}